{
    "name": "frenchBell",
    "filename": "frenchBell.dsp",
    "version": "2.79.3",
    "compile_options": "-lang wasm-i -ct 1 -es 1 -mcd 16 -mdd 1024 -mdy 33 -single -ftz 2",
    "library_list": [
        "/usr/share/faust/stdfaust.lib",
        "/usr/share/faust/physmodels.lib",
        "/usr/share/faust/noises.lib",
        "/usr/share/faust/filters.lib",
        "/usr/share/faust/maths.lib",
        "/usr/share/faust/platform.lib",
        "/usr/share/faust/envelopes.lib",
        "/usr/share/faust/basics.lib"
    ],
    "include_pathnames": [
        "/share/faust",
        "/usr/local/share/faust",
        "/usr/share/faust",
        "."
    ],
    "size": 4120,
    "code": "lD0f",
    "inputs": 0,
    "outputs": 2,
    "meta": [
        {
            "basics.lib/name": "Faust Basic Element Library"
        },
        {
            "basics.lib/version": "1.21.0"
        },
        {
            "compile_options": "-lang wasm-i -ct 1 -es 1 -mcd 16 -mdd 1024 -mdy 33 -single -ftz 2"
        },
        {
            "copyright": "(c)Romain Michon, CCRMA (Stanford University), GRAME"
        },
        {
            "description": "French church bell physical model."
        },
        {
            "envelopes.lib/ar:author": "Yann Orlarey, Stéphane Letz"
        },
        {
            "envelopes.lib/author": "GRAME"
        },
        {
            "envelopes.lib/copyright": "GRAME"
        },
        {
            "envelopes.lib/license": "LGPL with exception"
        },
        {
            "envelopes.lib/name": "Faust Envelope Library"
        },
        {
            "envelopes.lib/version": "1.3.0"
        },
        {
            "filename": "frenchBell.dsp"
        },
        {
            "filters.lib/fir:author": "Julius O. Smith III"
        },
        {
            "filters.lib/fir:copyright": "Copyright (C) 2003-2019 by Julius O. Smith III <jos@ccrma.stanford.edu>"
        },
        {
            "filters.lib/fir:license": "MIT-style STK-4.3 license"
        },
        {
            "filters.lib/highpass:author": "Julius O. Smith III"
        },
        {
            "filters.lib/highpass:copyright": "Copyright (C) 2003-2019 by Julius O. Smith III <jos@ccrma.stanford.edu>"
        },
        {
            "filters.lib/iir:author": "Julius O. Smith III"
        },
        {
            "filters.lib/iir:copyright": "Copyright (C) 2003-2019 by Julius O. Smith III <jos@ccrma.stanford.edu>"
        },
        {
            "filters.lib/iir:license": "MIT-style STK-4.3 license"
        },
        {
            "filters.lib/lowpass0_highpass1": "MIT-style STK-4.3 license"
        },
        {
            "filters.lib/lowpass0_highpass1:author": "Julius O. Smith III"
        },
        {
            "filters.lib/lowpass:author": "Julius O. Smith III"
        },
        {
            "filters.lib/lowpass:copyright": "Copyright (C) 2003-2019 by Julius O. Smith III <jos@ccrma.stanford.edu>"
        },
        {
            "filters.lib/lowpass:license": "MIT-style STK-4.3 license"
        },
        {
            "filters.lib/name": "Faust Filters Library"
        },
        {
            "filters.lib/tf2:author": "Julius O. Smith III"
        },
        {
            "filters.lib/tf2:copyright": "Copyright (C) 2003-2019 by Julius O. Smith III <jos@ccrma.stanford.edu>"
        },
        {
            "filters.lib/tf2:license": "MIT-style STK-4.3 license"
        },
        {
            "filters.lib/tf2s:author": "Julius O. Smith III"
        },
        {
            "filters.lib/tf2s:copyright": "Copyright (C) 2003-2019 by Julius O. Smith III <jos@ccrma.stanford.edu>"
        },
        {
            "filters.lib/tf2s:license": "MIT-style STK-4.3 license"
        },
        {
            "filters.lib/version": "1.7.1"
        },
        {
            "license": "MIT"
        },
        {
            "maths.lib/author": "GRAME"
        },
        {
            "maths.lib/copyright": "GRAME"
        },
        {
            "maths.lib/license": "LGPL with exception"
        },
        {
            "maths.lib/name": "Faust Math Library"
        },
        {
            "maths.lib/version": "2.8.1"
        },
        {
            "name": "frenchBell"
        },
        {
            "noises.lib/name": "Faust Noise Generator Library"
        },
        {
            "noises.lib/version": "1.4.1"
        },
        {
            "physmodels.lib/name": "Faust Physical Models Library"
        },
        {
            "physmodels.lib/version": "1.2.0"
        },
        {
            "platform.lib/name": "Generic Platform Library"
        },
        {
            "platform.lib/version": "1.3.0"
        }
    ],
    "ui": [
        {
            "type": "vgroup",
            "label": "frenchBell",
            "items": [
                {
                    "type": "nentry",
                    "label": "strikePosition",
                    "varname": "fEntry0",
                    "shortname": "strikePosition",
                    "address": "/frenchBell/strikePosition",
                    "index": 1536,
                    "meta": [
                        {
                            "0": ""
                        }
                    ],
                    "init": 0,
                    "min": 0,
                    "max": 6,
                    "step": 1
                },
                {
                    "type": "hslider",
                    "label": "strikeCutOff",
                    "varname": "fHslider1",
                    "shortname": "strikeCutOff",
                    "address": "/frenchBell/strikeCutOff",
                    "index": 1416,
                    "meta": [
                        {
                            "1": ""
                        }
                    ],
                    "init": 6500,
                    "min": 20,
                    "max": 20000,
                    "step": 1
                },
                {
                    "type": "hslider",
                    "label": "strikeSharpness",
                    "varname": "fHslider2",
                    "shortname": "strikeSharpness",
                    "address": "/frenchBell/strikeSharpness",
                    "index": 1488,
                    "meta": [
                        {
                            "2": ""
                        }
                    ],
                    "init": 0.5,
                    "min": 0.01,
                    "max": 5,
                    "step": 0.01
                },
                {
                    "type": "hslider",
                    "label": "gain",
                    "varname": "fHslider0",
                    "shortname": "gain",
                    "address": "/frenchBell/gain",
                    "index": 1400,
                    "meta": [
                        {
                            "3": ""
                        }
                    ],
                    "init": 1,
                    "min": 0,
                    "max": 1,
                    "step": 0.01
                },
                {
                    "type": "button",
                    "label": "gate",
                    "varname": "fButton0",
                    "shortname": "gate",
                    "address": "/frenchBell/gate",
                    "index": 1492,
                    "meta": [
                        {
                            "4": ""
                        }
                    ]
                }
            ]
        }
    ]
}